﻿Cell line,1,2,3,4,5,6,7,8,9,10,11,12
A,CellLine1,CellLine1,CellLine1,CellLine1,CellLine2,CellLine2,CellLine2,CellLine2,CellLine3,CellLine3,CellLine3,CellLine3
B,CellLine1,CellLine1,CellLine1,CellLine1,CellLine2,CellLine2,CellLine2,CellLine2,CellLine3,CellLine3,CellLine3,CellLine3
C,CellLine1,CellLine1,CellLine1,CellLine1,CellLine2,CellLine2,CellLine2,CellLine2,CellLine3,CellLine3,CellLine3,CellLine3
D,CellLine1,CellLine1,CellLine1,CellLine1,CellLine2,CellLine2,CellLine2,CellLine2,CellLine3,CellLine3,CellLine3,CellLine3
E,CellLine1,CellLine1,CellLine1,CellLine1,CellLine2,CellLine2,CellLine2,CellLine2,CellLine3,CellLine3,CellLine3,CellLine3
F,CellLine1,CellLine1,CellLine1,CellLine1,CellLine2,CellLine2,CellLine2,CellLine2,CellLine3,CellLine3,CellLine3,CellLine3
G,CellLine1,CellLine1,CellLine1,CellLine1,CellLine2,CellLine2,CellLine2,CellLine2,CellLine3,CellLine3,CellLine3,CellLine3
H,CellLine1,CellLine1,CellLine1,CellLine1,CellLine2,CellLine2,CellLine2,CellLine2,CellLine3,CellLine3,CellLine3,CellLine3