﻿Compound,1,2,3,4,5,6,7,8,9,10,11,12
A,Control,Control,Control,Control,Control,Control,Control,Control,Control,Control,Control,Control
B,Compound1,Compound1,Compound2,Compound2,Compound1,Compound1,Compound2,Compound2,Compound1,Compound1,Compound2,Compound2
C,Compound1,Compound1,Compound2,Compound2,Compound1,Compound1,Compound2,Compound2,Compound1,Compound1,Compound2,Compound2
D,Compound1,Compound1,Compound2,Compound2,Compound1,Compound1,Compound2,Compound2,Compound1,Compound1,Compound2,Compound2
E,Compound1,Compound1,Compound2,Compound2,Compound1,Compound1,Compound2,Compound2,Compound1,Compound1,Compound2,Compound2
F,Compound1,Compound1,Compound2,Compound2,Compound1,Compound1,Compound2,Compound2,Compound1,Compound1,Compound2,Compound2
G,Compound1,Compound1,Compound2,Compound2,Compound1,Compound1,Compound2,Compound2,Compound1,Compound1,Compound2,Compound2
H,Compound1,Compound1,Compound2,Compound2,Compound1,Compound1,Compound2,Compound2,Compound1,Compound1,Compound2,Compound2